site,isite,pdb_chain,pdb_site,wildtype,mutation,mutdiffsel
193,208,A,193,F,D,3.0309
193,208,A,193,F,S,2.6853
193,208,A,193,F,A,2.2859
193,208,A,193,F,N,1.4312
193,208,A,193,F,G,1.3711
193,208,A,193,F,H,1.1008
193,208,A,193,F,E,0.7288600000000001
193,208,A,193,F,Q,0.45216000000000006
193,208,A,193,F,T,0.25835
193,208,A,193,F,Y,0.25328
193,208,A,193,F,K,0.25278
193,208,A,193,F,P,0.25278
193,208,A,193,F,V,0.031252999999999996
193,208,A,193,F,I,0.020249
193,208,A,193,F,C,0.010222
193,208,A,193,F,R,0.010222
193,208,A,193,F,M,0.005056100000000001
193,208,A,193,F,W,0.005056100000000001
193,208,A,193,F,L,-1.1928
193,208,A,193,F,F,
160,175,A,160,K,T,2.8202
160,175,A,160,K,S,2.1739
160,175,A,160,K,N,0.75874
160,175,A,160,K,G,0.54601
160,175,A,160,K,Y,0.37572
160,175,A,160,K,Q,0.22928
160,175,A,160,K,E,0.18919
160,175,A,160,K,R,0.06814400000000001
160,175,A,160,K,F,0.028089
160,175,A,160,K,W,0.0065816
160,175,A,160,K,I,-0.040526
160,175,A,160,K,M,-0.19562000000000002
160,175,A,160,K,V,-0.20345
160,175,A,160,K,H,-0.23495
160,175,A,160,K,C,-0.23495
160,175,A,160,K,P,-0.38826
160,175,A,160,K,L,-0.39114
160,175,A,160,K,D,-0.45733999999999997
160,175,A,160,K,A,-0.56147
160,175,A,160,K,K,
145,160,A,145,N,H,0.9466100000000001
145,160,A,145,N,S,0.19063
145,160,A,145,N,I,3.2931e-05
145,160,A,145,N,Y,-0.00014596
145,160,A,145,N,R,-0.00014596
145,160,A,145,N,C,-0.00014596
145,160,A,145,N,E,-0.00014596
145,160,A,145,N,G,-0.00014596
145,160,A,145,N,W,-0.00014596
145,160,A,145,N,V,-0.00014596
145,160,A,145,N,M,-0.00014596
145,160,A,145,N,F,-0.0007757999999999999
145,160,A,145,N,L,-0.0007757999999999999
145,160,A,145,N,A,-0.049858
145,160,A,145,N,Q,-0.47893
145,160,A,145,N,T,-0.5361100000000001
145,160,A,145,N,P,-0.65394
145,160,A,145,N,K,-0.6694899999999999
145,160,A,145,N,D,-0.7802899999999999
145,160,A,145,N,N,
189,204,A,189,K,P,0.48038000000000003
189,204,A,189,K,M,-0.0012183
189,204,A,189,K,C,-0.0014722000000000001
189,204,A,189,K,W,-0.0014722000000000001
189,204,A,189,K,Y,-0.0024385
189,204,A,189,K,R,-0.08824
189,204,A,189,K,F,-0.23335
189,204,A,189,K,A,-0.41781999999999997
189,204,A,189,K,G,-0.42818
189,204,A,189,K,S,-0.43742
189,204,A,189,K,H,-0.48607
189,204,A,189,K,L,-0.65468
189,204,A,189,K,E,-0.68638
189,204,A,189,K,Q,-0.70334
189,204,A,189,K,D,-0.75537
189,204,A,189,K,I,-0.8765200000000001
189,204,A,189,K,T,-1.3193
189,204,A,189,K,N,-1.3442
189,204,A,189,K,V,-1.6029
189,204,A,189,K,K,
